{"wall": [[0, 0, 0, 0, 0], [0, 1, 0, 0, 0], [0, 0, 1, 0, 0], [0, 0, 0, 1, 0], [0, 0, 0, 0, 0]], "isterminal": [[0, 0, 0, 0, 1], [0, 0, 0, 0, 1], [0, 0, 0, 0, 1], [0, 0, 0, 0, 0], [0, 0, 0, 0, 0]], "rewards": [[-0.05507979025745755, -0.07081478226181048, -0.029090473891294433, -0.051082760519766304, -1], [-0.08929469543476548, -0.0896293088933438, -0.012558531046383626, -0.020724287813818677, 1], [-0.005146720330082988, -0.04408098436506365, -0.0029876210878566956, -0.04568332243947111, -1], [-0.06491440476147607, -0.02784872826479753, -0.06762549019801313, -0.059086281741635084, -0.0023981882377165364], [-0.0558854087990882, -0.025925244690746543, -0.041510119701006966, -0.028352508177131877, -0.06931379183129964]], "disturbances": [[[0.8805357087708594, 0.0880907435341479, 0.031373547694992655], [0.7350072434913576, 0.10892980360636895, 0.15606295290227343], [0.8943357167383278, 0.06127270647523595, 0.044391576786436286], [0.7351290185167841, 0.07759425151112975, 0.1872767299720861], [0.6703241803228505, 0.19519908449458678, 0.13447673518256273]], [[0.6502830040336844, 0.18056682170767963, 0.16915017425863588], [0.9059577899598773, 0.07559880826577783, 0.018443401774344847], [0.7577496670176025, 0.13068218050470723, 0.1115681524776902], [0.8826761464195181, 0.07231295261251562, 0.04501090096796639], [0.8249079669849164, 0.08130398327524974, 0.09378804973983382]], [[0.8877943295047012, 0.05384711565021225, 0.05835855484508652], [0.7363559375460191, 0.09153727986459559, 0.1721067825893853], [0.8260518466199938, 0.11725058089356429, 0.056697572486441965], [0.8534800835708904, 0.05559550132472027, 0.09092441510438937], [0.9186421888703878, 0.04108206892099751, 0.04027574220861463]], [[0.8797471142803507, 0.10280701196348839, 0.017445873756160937], [0.830847651052116, 0.09671710647031731, 0.07243524247756668], [0.7091134310164648, 0.14153732436313424, 0.14934924462040092], [0.7239453328778643, 0.13821858437115286, 0.13783608275098283], [0.7916530142231608, 0.07472002482978567, 0.1336269609470535]], [[0.8174714932348615, 0.06796973279136358, 0.11455877397377501], [0.8458095585343186, 0.0651614316129749, 0.08902900985270641], [0.9391591293971445, 0.012305786165987855, 0.04853508443686763], [0.7595626378942717, 0.19432052123471355, 0.0461168408710148], [0.731609126167786, 0.13829550218946604, 0.13009537164274793]]], "gamma": 0.99}